date,price
2010-1-4,21823.2793
2010-1-5,22279.58008
2010-1-6,22416.66992
2010-1-7,22269.44922
2010-1-8,22296.75
2010-1-11,22411.51953
2010-1-12,22326.64063
2010-1-13,21748.59961
2010-1-14,21716.94922
2010-1-15,21654.16016
2010-1-18,21460.00977
2010-1-19,21677.98047
2010-1-20,21286.16992
2010-1-21,20862.66992
2010-1-22,20726.17969
2010-1-25,20598.55078
2010-1-26,20109.33008
2010-1-27,20033.07031
2010-1-28,20356.36914
2010-1-29,20121.99023
2010-2-1,20243.75
2010-2-2,20272.17969
2010-2-3,20722.08008
2010-2-4,20341.64063
2010-2-5,19665.08008
2010-2-8,19550.89063
2010-2-9,19790.2793
2010-2-10,19922.2207
2010-2-11,20290.68945
2010-2-12,20268.68945
2010-2-17,20534.00977
2010-2-18,20422.15039
2010-2-19,19894.01953
2010-2-22,20377.26953
2010-2-23,20623
2010-2-24,20467.74023
2010-2-25,20399.57031
2010-2-26,20608.69922
2010-3-1,21056.92969
2010-3-2,20906.10938
2010-3-3,20876.78906
2010-3-4,20575.7793
2010-3-5,20787.9707
2010-3-8,21196.86914
2010-3-9,21207.55078
2010-3-10,21208.28906
2010-3-11,21228.19922
2010-3-12,21209.74023
2010-3-15,21079.09961
2010-3-16,21022.92969
2010-3-17,21384.49023
2010-3-18,21330.66992
2010-3-19,21370.82031
2010-3-22,20933.25
2010-3-23,20987.7793
2010-3-24,21008.61914
2010-3-25,20778.55078
2010-3-26,21053.10938
2010-3-29,21237.42969
2010-3-30,21374.78906
2010-3-31,21239.34961
2010-4-1,21537
2010-4-5,21537
2010-4-6,21537
2010-4-7,21928.76953
2010-4-8,21867.03906
2010-4-9,22208.5
2010-4-12,22138.16992
2010-4-13,22103.5293
2010-4-14,22121.42969
2010-4-15,22157.82031
2010-4-16,21865.25977
2010-4-19,21405.16992
2010-4-20,21623.38086
2010-4-21,21510.92969
2010-4-22,21454.93945
2010-4-23,21244.49023
2010-4-26,21587.06055
2010-4-27,21261.78906
2010-4-28,20949.40039
2010-4-29,20778.91992
2010-4-30,21108.58984
2010-5-3,20811.35938
2010-5-4,20763.05078
2010-5-5,20327.53906
2010-5-6,20133.41016
2010-5-7,19920.28906
2010-5-10,20426.64063
2010-5-11,20146.50977
2010-5-12,20212.49023
2010-5-13,20422.46094
2010-5-14,20145.42969
2010-5-17,19715.19922
2010-5-18,19944.93945
2010-5-19,19578.98047
2010-5-20,19545.83008
2010-5-24,19667.75977
2010-5-25,18985.5
2010-5-26,19196.44922
2010-5-27,19431.36914
2010-5-28,19766.71094
2010-5-31,19765.18945
2010-6-1,19496.94922
2010-6-2,19471.80078
2010-6-3,19786.71094
2010-6-4,19780.07031
2010-6-7,19378.15039
2010-6-8,19487.48047
2010-6-9,19621.24023
2010-6-10,19632.69922
2010-6-11,19872.38086
2010-6-14,20051.91016
2010-6-15,20062.15039
2010-6-17,20138.40039
2010-6-18,20286.71094
2010-6-21,20912.17969
2010-6-22,20819.08008
2010-6-23,20856.60938
2010-6-24,20733.49023
2010-6-25,20690.78906
2010-6-28,20726.67969
2010-6-29,20248.90039
2010-6-30,20128.99023
2010-7-1,20128.99023
2010-7-2,19905.32031
2010-7-5,19842.19922
2010-7-6,20084.11914
2010-7-7,19857.07031
2010-7-8,20050.56055
2010-7-9,20378.66016
2010-7-12,20467.42969
2010-7-13,20431.06055
2010-7-14,20560.81055
2010-7-15,20255.61914
2010-7-16,20250.16016
2010-7-19,20090.94922
2010-7-20,20264.58984
2010-7-21,20487.23047
2010-7-22,20589.69922
2010-7-23,20815.33008
2010-7-26,20839.91016
2010-7-27,20973.39063
2010-7-28,21091.17969
2010-7-29,21093.82031
2010-7-30,21029.81055
2010-8-2,21412.78906
2010-8-3,21457.66016
2010-8-4,21549.88086
2010-8-5,21551.7207
2010-8-6,21678.80078
2010-8-9,21801.58984
2010-8-10,21473.59961
2010-8-11,21294.53906
2010-8-12,21105.71094
2010-8-13,21071.57031
2010-8-16,21112.11914
2010-8-17,21137.42969
2010-8-18,21022.73047
2010-8-19,21072.46094
2010-8-20,20981.82031
2010-8-23,20889.00977
2010-8-24,20658.71094
2010-8-25,20634.98047
2010-8-26,20612.06055
2010-8-27,20597.34961
2010-8-30,20737.2207
2010-8-31,20536.49023
2010-9-1,20623.83008
2010-9-2,20868.91992
2010-9-3,20971.5
2010-9-6,21355.76953
2010-9-7,21401.78906
2010-9-8,21088.85938
2010-9-9,21167.26953
2010-9-10,21257.39063
2010-9-13,21658.34961
2010-9-14,21696.03906
2010-9-15,21725.64063
2010-9-16,21691.44922
2010-9-17,21970.85938
2010-9-20,21977.33984
2010-9-21,22002.58984
2010-9-22,22047.71094
2010-9-24,22119.42969
2010-9-27,22340.83984
2010-9-28,22109.94922
2010-9-29,22378.66992
2010-9-30,22358.16992
2010-10-4,22618.66016
2010-10-5,22639.14063
2010-10-6,22880.41016
2010-10-7,22884.32031
2010-10-8,22944.17969
2010-10-11,23207.31055
2010-10-12,23121.69922
2010-10-13,23457.68945
2010-10-14,23852.16992
2010-10-15,23757.63086
2010-10-18,23469.38086
2010-10-19,23763.73047
2010-10-20,23556.5
2010-10-21,23649.48047
2010-10-22,23517.53906
2010-10-25,23627.91016
2010-10-26,23601.24023
2010-10-27,23164.58008
2010-10-28,23210.85938
2010-10-29,23096.32031
2010-11-1,23652.93945
2010-11-2,23671.41992
2010-11-3,24144.66992
2010-11-4,24535.63086
2010-11-5,24876.82031
2010-11-8,24964.36914
2010-11-9,24710.59961
2010-11-10,24500.60938
2010-11-11,24700.30078
2010-11-12,24222.58008
2010-11-15,24027.17969
2010-11-16,23693.01953
2010-11-17,23214.46094
2010-11-18,23637.39063
2010-11-19,23605.71094
2010-11-22,23524.01953
2010-11-23,22896.14063
2010-11-24,23023.85938
2010-11-25,23054.67969
2010-11-26,22877.25
2010-11-29,23166.2207
2010-11-30,23007.99023
2010-12-1,23249.80078
2010-12-2,23448.7793
2010-12-3,23320.51953
2010-12-6,23237.68945
2010-12-7,23428.15039
2010-12-8,23092.51953
2010-12-9,23171.80078
2010-12-10,23162.91016
2010-12-13,23317.60938
2010-12-14,23431.18945
2010-12-15,22975.34961
2010-12-16,22668.7793
2010-12-17,22714.84961
2010-12-20,22639.08008
2010-12-21,22993.85938
2010-12-22,23045.18945
2010-12-23,22902.9707
2010-12-24,22833.80078
2010-12-27,22833.80078
2010-12-28,22621.73047
2010-12-29,22969.30078
2010-12-30,22999.33984
2010-12-31,23035.44922
2011-1-3,23436.05078
2011-1-4,23668.48047
2011-1-5,23757.82031
2011-1-6,23786.30078
2011-1-7,23686.63086
2011-1-10,23527.25977
2011-1-11,23760.33984
2011-1-12,24125.60938
2011-1-13,24238.98047
2011-1-14,24283.23047
2011-1-17,24156.9707
2011-1-18,24153.98047
2011-1-19,24419.61914
2011-1-20,24003.69922
2011-1-21,23876.85938
2011-1-24,23801.7793
2011-1-25,23788.83008
2011-1-26,23843.24023
2011-1-27,23779.61914
2011-1-28,23617.01953
2011-1-31,23447.33984
2011-2-1,23482.94922
2011-2-2,23908.96094
2011-2-7,23553.58984
2011-2-8,23484.30078
2011-2-9,23164.0293
2011-2-10,22708.61914
2011-2-11,22828.91992
2011-2-14,23121.06055
2011-2-15,22899.7793
2011-2-16,23156.9707
2011-2-17,23301.83984
2011-2-18,23595.24023
2011-2-21,23485.41992
2011-2-22,22990.81055
2011-2-23,22906.90039
2011-2-24,22601.03906
2011-2-25,23012.36914
2011-2-28,23338.01953
2011-3-1,23396.41992
2011-3-2,23048.66016
2011-3-3,23122.41992
2011-3-4,23408.85938
2011-3-7,23313.18945
2011-3-8,23711.69922
2011-3-9,23810.10938
2011-3-10,23614.89063
2011-3-11,23249.7793
2011-3-14,23345.88086
2011-3-15,22678.25
2011-3-16,22700.88086
2011-3-17,22284.42969
2011-3-18,22300.23047
2011-3-21,22685.2207
2011-3-22,22857.90039
2011-3-23,22825.40039
2011-3-24,22915.2793
2011-3-25,23158.66992
2011-3-28,23068.18945
2011-3-29,23060.35938
2011-3-30,23451.42969
2011-3-31,23527.51953
2011-4-1,23801.90039
2011-4-4,24150.58008
2011-4-5,24150.58008
2011-4-6,24285.05078
2011-4-7,24281.80078
2011-4-8,24396.07031
2011-4-11,24303.07031
2011-4-12,23976.36914
2011-4-13,24135.0293
2011-4-14,24014
2011-4-15,24008.07031
2011-4-18,23830.31055
2011-4-19,23520.61914
2011-4-20,23896.09961
2011-4-21,24138.31055
2011-4-25,24138.31055
2011-4-26,24007.38086
2011-4-27,23892.83984
2011-4-28,23805.63086
2011-4-29,23720.81055
2011-5-2,23720.81055
2011-5-3,23633.25
2011-5-4,23315.24023
2011-5-5,23261.60938
2011-5-6,23159.14063
2011-5-9,23336
2011-5-11,23291.80078
2011-5-12,23073.75977
2011-5-13,23276.26953
2011-5-16,22960.63086
2011-5-17,22901.08008
2011-5-18,23011.14063
2011-5-19,23163.38086
2011-5-20,23199.39063
2011-5-23,22711.01953
2011-5-24,22730.7793
2011-5-25,22747.2793
2011-5-26,22900.78906
2011-5-27,23118.07031
2011-5-30,23184.32031
2011-5-31,23684.13086
2011-6-1,23626.42969
2011-6-2,23253.83984
2011-6-3,22949.56055
2011-6-7,22868.66992
2011-6-8,22661.63086
2011-6-9,22609.83008
2011-6-10,22420.36914
2011-6-13,22508.08008
2011-6-14,22496
2011-6-15,22343.76953
2011-6-16,21953.10938
2011-6-17,21695.25977
2011-6-20,21599.50977
2011-6-21,21850.58984
2011-6-22,21859.9707
2011-6-23,21759.14063
2011-6-24,22171.94922
2011-6-27,22041.76953
2011-6-28,22061.7793
2011-6-29,22061.17969
2011-6-30,22398.09961
2011-7-4,22770.4707
2011-7-5,22747.94922
2011-7-6,22517.55078
2011-7-7,22530.17969
2011-7-8,22726.42969
2011-7-11,22347.23047
2011-7-12,21663.16016
2011-7-13,21926.88086
2011-7-14,21940.19922
2011-7-15,21875.38086
2011-7-18,21804.75
2011-7-19,21902.40039
2011-7-20,22003.68945
2011-7-21,21987.28906
2011-7-22,22444.80078
2011-7-25,22293.28906
2011-7-26,22572.08008
2011-7-27,22541.68945
2011-7-28,22570.74023
2011-7-29,22440.25
2011-8-1,22663.36914
2011-8-2,22421.46094
2011-8-3,21992.7207
2011-8-4,21884.74023
2011-8-5,20946.14063
2011-8-8,20490.57031
2011-8-9,19330.69922
2011-8-10,19783.66992
2011-8-11,19595.14063
2011-8-12,19620.00977
2011-8-15,20260.09961
2011-8-16,20212.08008
2011-8-17,20289.0293
2011-8-18,20016.26953
2011-8-19,19399.91992
2011-8-22,19486.86914
2011-8-23,19875.5293
2011-8-24,19466.78906
2011-8-25,19752.48047
2011-8-26,19582.88086
2011-8-29,19865.10938
2011-8-30,20204.16992
2011-8-31,20534.84961
2011-9-1,20585.33008
2011-9-2,20212.91016
2011-9-5,19616.40039
2011-9-6,19710.5
2011-9-7,20048
2011-9-8,19912.82031
2011-9-9,19866.63086
2011-9-12,19030.53906
2011-9-14,19045.43945
2011-9-15,19181.5
2011-9-16,19455.31055
2011-9-19,18917.94922
2011-9-20,19014.80078
2011-9-21,18824.16992
2011-9-22,17911.94922
2011-9-23,17668.83008
2011-9-26,17407.80078
2011-9-27,18130.55078
2011-9-28,18011.06055
2011-9-29,18011.06055
2011-9-30,17592.41016
2011-10-3,16822.15039
2011-10-4,16250.26953
2011-10-6,17172.2793
2011-10-7,17707.00977
2011-10-10,17711.06055
2011-10-11,18141.58984
2011-10-12,18329.46094
2011-10-13,18757.81055
2011-10-14,18501.78906
2011-10-17,18873.99023
2011-10-18,18076.46094
2011-10-19,18309.2207
2011-10-20,17983.09961
2011-10-21,18025.7207
2011-10-24,18771.82031
2011-10-25,18968.19922
2011-10-26,19066.53906
2011-10-27,19688.69922
2011-10-28,20019.24023
2011-10-31,19864.86914
2011-11-1,19369.96094
2011-11-2,19733.71094
2011-11-3,19242.5
2011-11-4,19842.78906
2011-11-7,19677.89063
2011-11-8,19678.4707
2011-11-9,20014.42969
2011-11-10,18963.89063
2011-11-11,19137.16992
2011-11-14,19508.17969
2011-11-15,19348.43945
2011-11-16,18960.90039
2011-11-17,18817.4707
2011-11-18,18491.23047
2011-11-21,18225.84961
2011-11-22,18251.58984
2011-11-23,17864.42969
2011-11-24,17935.09961
2011-11-25,17689.48047
2011-11-28,18037.81055
2011-11-29,18256.19922
2011-11-30,17989.34961
2011-12-1,19002.25977
2011-12-2,19040.39063
2011-12-5,19179.68945
2011-12-6,18942.23047
2011-12-7,19240.58008
2011-12-8,19107.81055
2011-12-9,18586.23047
2011-12-12,18575.66016
2011-12-13,18447.16992
2011-12-14,18354.42969
2011-12-15,18026.83984
2011-12-16,18285.39063
2011-12-19,18070.21094
2011-12-20,18080.19922
2011-12-21,18416.44922
2011-12-22,18378.23047
2011-12-23,18629.16992
2011-12-27,18629.16992
2011-12-28,18518.66992
2011-12-29,18397.91992
2011-12-30,18434.39063
2012-1-3,18877.41016
2012-1-4,18727.31055
2012-1-5,18813.41016
2012-1-6,18593.06055
2012-1-9,18865.7207
2012-1-10,19004.2793
2012-1-11,19151.93945
2012-1-12,19095.38086
2012-1-13,19204.41992
2012-1-16,19012.19922
2012-1-17,19627.75
2012-1-18,19686.91992
2012-1-19,19942.94922
2012-1-20,20110.36914
2012-1-23,20110.36914
2012-1-26,20439.14063
2012-1-27,20501.66992
2012-1-30,20160.41016
2012-1-31,20390.49023
2012-2-1,20333.36914
2012-2-2,20739.44922
2012-2-3,20756.98047
2012-2-6,20709.93945
2012-2-7,20699.18945
2012-2-8,21018.46094
2012-2-9,21010.00977
2012-2-10,20783.85938
2012-2-13,20887.40039
2012-2-14,20917.83008
2012-2-15,21365.23047
2012-2-16,21277.2793
2012-2-17,21491.61914
2012-2-20,21424.78906
2012-2-21,21478.7207
2012-2-22,21549.2793
2012-2-23,21380.99023
2012-2-24,21406.85938
2012-2-27,21217.85938
2012-2-28,21568.73047
2012-2-29,21680.08008
2012-3-1,21387.96094
2012-3-2,21562.25977
2012-3-5,21265.31055
2012-3-6,20806.25
2012-3-7,20627.7793
2012-3-8,20900.73047
2012-3-9,21086
2012-3-12,21134.17969
2012-3-13,21339.69922
2012-3-14,21307.89063
2012-3-15,21353.5293
2012-3-16,21317.84961
2012-3-19,21115.28906
2012-3-20,20888.24023
2012-3-21,20856.63086
2012-3-22,20901.56055
2012-3-23,20668.80078
2012-3-26,20668.85938
2012-3-27,21046.91016
2012-3-28,20885.41992
2012-3-29,20609.39063
2012-3-30,20555.58008
2012-4-2,20522.25977
2012-4-3,20790.98047
2012-4-5,20593
2012-4-10,20356.24023
2012-4-11,20140.66992
2012-4-12,20327.32031
2012-4-13,20701.03906
2012-4-16,20610.64063
2012-4-17,20562.31055
2012-4-18,20780.73047
2012-4-19,20995.00977
2012-4-20,21010.64063
2012-4-23,20624.39063
2012-4-24,20677.16016
2012-4-25,20646.28906
2012-4-26,20809.71094
2012-4-27,20741.44922
2012-4-30,21094.21094
2012-5-2,21309.08008
2012-5-3,21249.5293
2012-5-4,21086
2012-5-7,20536.65039
2012-5-8,20484.75
2012-5-9,20330.64063
2012-5-10,20227.2793
2012-5-11,19964.63086
2012-5-14,19735.03906
2012-5-15,19894.31055
2012-5-16,19259.83008
2012-5-17,19200.92969
2012-5-18,18951.84961
2012-5-21,18922.32031
2012-5-22,19039.15039
2012-5-23,18786.18945
2012-5-24,18666.40039
2012-5-25,18713.41016
2012-5-28,18800.99023
2012-5-29,19055.46094
2012-5-30,18690.2207
2012-5-31,18629.51953
2012-6-1,18558.33984
2012-6-4,18185.58984
2012-6-5,18259.0293
2012-6-6,18520.5293
2012-6-7,18678.28906
2012-6-8,18502.33984
2012-6-11,18953.63086
2012-6-12,18872.56055
2012-6-13,19026.51953
2012-6-14,18808.40039
2012-6-15,19233.93945
2012-6-18,19427.81055
2012-6-19,19416.66992
2012-6-20,19518.84961
2012-6-21,19265.07031
2012-6-22,18995.13086
2012-6-25,18897.44922
2012-6-26,18981.83984
2012-6-27,19176.94922
2012-6-28,19025.26953
2012-6-29,19441.46094
2012-7-2,19441.46094
2012-7-3,19735.5293
2012-7-4,19709.75
2012-7-5,19809.13086
2012-7-6,19800.64063
2012-7-9,19428.08984
2012-7-10,19396.35938
2012-7-11,19419.86914
2012-7-12,19025.10938
2012-7-13,19092.63086
2012-7-16,19121.33984
2012-7-17,19455.33008
2012-7-18,19239.88086
2012-7-19,19559.05078
2012-7-20,19640.80078
2012-7-23,19053.4707
2012-7-24,18903.19922
2012-7-25,18877.33008
2012-7-26,18892.78906
2012-7-27,19274.96094
2012-7-30,19585.40039
2012-7-31,19796.81055
2012-8-1,19820.38086
2012-8-2,19690.19922
2012-8-3,19666.17969
2012-8-6,19998.7207
2012-8-7,20072.55078
2012-8-8,20065.51953
2012-8-9,20269.4707
2012-8-10,20136.11914
2012-8-13,20081.35938
2012-8-14,20291.67969
2012-8-15,20052.28906
2012-8-16,19962.94922
2012-8-17,20116.07031
2012-8-20,20104.26953
2012-8-21,20100.08984
2012-8-22,19887.7793
2012-8-23,20132.24023
2012-8-24,19880.0293
2012-8-27,19798.66992
2012-8-28,19811.80078
2012-8-29,19788.50977
2012-8-30,19552.91016
2012-8-31,19482.57031
2012-9-3,19559.21094
2012-9-4,19429.91016
2012-9-5,19145.07031
2012-9-6,19209.30078
2012-9-7,19802.16016
2012-9-10,19827.16992
2012-9-11,19857.88086
2012-9-12,20075.39063
2012-9-13,20047.63086
2012-9-14,20629.7793
2012-9-17,20658.10938
2012-9-18,20601.92969
2012-9-19,20841.91016
2012-9-20,20590.91992
2012-9-21,20734.93945
2012-9-24,20694.69922
2012-9-25,20698.67969
2012-9-26,20527.73047
2012-9-27,20762.28906
2012-9-28,20840.38086
2012-10-1,20840.38086
2012-10-3,20888.2793
2012-10-4,20907.94922
2012-10-5,21012.38086
2012-10-8,20824.56055
2012-10-9,20937.2793
2012-10-10,20919.59961
2012-10-11,20999.05078
2012-10-12,21136.42969
2012-10-15,21148.25
2012-10-16,21207.07031
2012-10-17,21416.64063
2012-10-18,21518.71094
2012-10-19,21551.75977
2012-10-22,21697.55078
2012-10-24,21763.7793
2012-10-25,21810.23047
2012-10-26,21545.57031
2012-10-29,21511.05078
2012-10-30,21428.58008
2012-10-31,21641.82031
2012-11-1,21821.86914
2012-11-2,22111.33008
2012-11-5,22006.40039
2012-11-6,21944.42969
2012-11-7,22099.84961
2012-11-8,21566.91016
2012-11-9,21384.38086
2012-11-12,21430.30078
2012-11-13,21188.65039
2012-11-14,21441.99023
2012-11-15,21108.92969
2012-11-16,21159.00977
2012-11-19,21262.06055
2012-11-20,21228.2793
2012-11-21,21524.35938
2012-11-22,21743.19922
2012-11-23,21913.98047
2012-11-26,21861.81055
2012-11-27,21844.0293
2012-11-28,21708.98047
2012-11-29,21922.89063
2012-11-30,22030.39063
2012-12-3,21767.84961
2012-12-4,21799.9707
2012-12-5,22270.91016
2012-12-6,22249.81055
2012-12-7,22191.16992
2012-12-10,22276.7207
2012-12-11,22323.93945
2012-12-12,22503.34961
2012-12-13,22445.58008
2012-12-14,22605.98047
2012-12-17,22513.60938
2012-12-18,22494.73047
2012-12-19,22623.36914
2012-12-20,22659.7793
2012-12-21,22506.28906
2012-12-24,22541.17969
2012-12-26,22541.17969
2012-12-27,22619.7793
2012-12-28,22666.58984
2012-12-31,22656.91992
2013-1-2,23311.98047
2013-1-3,23398.59961
2013-1-4,23331.08984
2013-1-7,23329.75
2013-1-8,23111.18945
2013-1-9,23218.4707
2013-1-10,23354.31055
2013-1-11,23264.07031
2013-1-14,23413.25977
2013-1-15,23381.50977
2013-1-16,23356.99023
2013-1-17,23339.75977
2013-1-18,23601.7793
2013-1-21,23590.91016
2013-1-22,23658.99023
2013-1-23,23635.09961
2013-1-24,23598.90039
2013-1-25,23580.42969
2013-1-28,23671.88086
2013-1-29,23655.16992
2013-1-30,23822.06055
2013-1-31,23729.5293
2013-2-1,23721.83984
2013-2-4,23685.00977
2013-2-5,23148.5293
2013-2-6,23256.92969
2013-2-7,23177
2013-2-8,23215.16016
2013-2-11,23215.16016
2013-2-12,23215.16016
2013-2-13,23215.16016
2013-2-14,23413.25
2013-2-15,23444.56055
2013-2-18,23381.93945
2013-2-19,23143.91016
2013-2-20,23307.41016
2013-2-21,22906.66992
2013-2-22,22782.43945
2013-2-25,22820.08008
2013-2-26,22519.68945
2013-2-27,22577.00977
2013-2-28,23020.26953
2013-3-1,22880.2207
2013-3-4,22537.81055
2013-3-5,22560.5
2013-3-6,22777.83984
2013-3-7,22771.43945
2013-3-8,23091.94922
2013-3-11,23090.82031
2013-3-12,22890.59961
2013-3-13,22556.65039
2013-3-14,22619.17969
2013-3-15,22533.10938
2013-3-18,22083.35938
2013-3-19,22041.85938
2013-3-20,22256.43945
2013-3-21,22225.88086
2013-3-22,22115.30078
2013-3-25,22251.15039
2013-3-26,22311.08008
2013-3-27,22464.82031
2013-3-28,22299.63086
2013-4-1,22299.63086
2013-4-2,22367.82031
2013-4-3,22337.49023
2013-4-4,22337.49023
2013-4-5,21726.90039
2013-4-8,21718.05078
2013-4-9,21870.33984
2013-4-10,22034.56055
2013-4-11,22101.26953
2013-4-12,22089.05078
2013-4-15,21772.66992
2013-4-16,21672.0293
2013-4-17,21569.66992
2013-4-18,21512.51953
2013-4-19,22013.57031
2013-4-22,22044.36914
2013-4-23,21806.60938
2013-4-24,22183.05078
2013-4-25,22401.24023
2013-4-26,22547.71094
2013-4-29,22580.76953
2013-4-30,22737.00977
2013-5-1,22737.00977
2013-5-2,22668.30078
2013-5-3,22689.96094
2013-5-6,22915.08984
2013-5-7,23047.08984
2013-5-8,23244.34961
2013-5-9,23211.48047
2013-5-10,23321.2207
2013-5-13,22989.81055
2013-5-14,22930.2793
2013-5-15,23044.24023
2013-5-16,23082.67969
2013-5-17,23082.67969
2013-5-20,23493.0293
2013-5-21,23366.36914
2013-5-22,23261.08008
2013-5-23,22669.67969
2013-5-24,22618.66992
2013-5-27,22686.05078
2013-5-28,22924.25
2013-5-29,22554.92969
2013-5-30,22484.31055
2013-5-31,22392.16016
2013-6-3,22282.18945
2013-6-4,22285.51953
2013-6-5,22069.24023
2013-6-6,21838.42969
2013-6-7,21575.25977
2013-6-10,21615.08984
2013-6-11,21354.66016
2013-6-13,20887.03906
2013-6-14,20969.14063
2013-6-17,21225.90039
2013-6-18,21225.88086
2013-6-19,20986.89063
2013-6-20,20382.86914
2013-6-21,20263.31055
2013-6-24,19813.98047
2013-6-25,19855.7207
2013-6-26,20338.55078
2013-6-27,20440.08008
2013-6-28,20803.28906
2013-7-1,20803.28906
2013-7-2,20658.65039
2013-7-3,20147.31055
2013-7-4,20468.66992
2013-7-5,20854.66992
2013-7-8,20582.18945
2013-7-9,20683.00977
2013-7-10,20904.56055
2013-7-11,21437.49023
2013-7-12,21277.2793
2013-7-15,21303.31055
2013-7-16,21312.38086
2013-7-17,21371.86914
2013-7-18,21345.2207
2013-7-19,21362.41992
2013-7-22,21416.5
2013-7-23,21915.41992
2013-7-24,21968.92969
2013-7-25,21900.96094
2013-7-26,21968.94922
2013-7-29,21850.15039
2013-7-30,21953.96094
2013-7-31,21883.66016
2013-8-1,22088.78906
2013-8-2,22190.9707
2013-8-5,22222.00977
2013-8-6,21923.69922
2013-8-7,21588.83984
2013-8-8,21655.88086
2013-8-9,21807.56055
2013-8-12,22271.2793
2013-8-13,22541.13086
2013-8-15,22539.25
2013-8-16,22517.81055
2013-8-19,22463.69922
2013-8-20,21970.28906
2013-8-21,21817.73047
2013-8-22,21895.40039
2013-8-23,21863.50977
2013-8-26,22005.32031
2013-8-27,21874.76953
2013-8-28,21524.65039
2013-8-29,21704.7793
2013-8-30,21731.36914
2013-9-2,22175.33984
2013-9-3,22394.58008
2013-9-4,22326.2207
2013-9-5,22597.9707
2013-9-6,22621.2207
2013-9-9,22750.65039
2013-9-10,22976.65039
2013-9-11,22937.14063
2013-9-12,22953.7207
2013-9-13,22915.2793
2013-9-16,23252.41016
2013-9-17,23180.51953
2013-9-18,23117.44922
2013-9-19,23502.50977
2013-9-20,23502.50977
2013-9-23,23371.53906
2013-9-24,23179.03906
2013-9-25,23209.63086
2013-9-26,23125.0293
2013-9-27,23207.03906
2013-9-30,22859.85938
2013-10-2,22984.48047
2013-10-3,23214.40039
2013-10-4,23138.53906
2013-10-7,22973.94922
2013-10-8,23178.84961
2013-10-9,23033.9707
2013-10-10,22951.30078
2013-10-11,23218.32031
2013-10-15,23336.51953
2013-10-16,23228.33008
2013-10-17,23094.88086
2013-10-18,23340.09961
2013-10-21,23438.15039
2013-10-22,23315.99023
2013-10-23,22999.94922
2013-10-24,22835.82031
2013-10-25,22698.33984
2013-10-28,22806.58008
2013-10-29,22846.53906
2013-10-30,23304.01953
2013-10-31,23206.36914
2013-11-1,23249.78906
2013-11-4,23189.61914
2013-11-5,23038.94922
2013-11-6,23036.93945
2013-11-7,22881.0293
2013-11-8,22744.39063
2013-11-11,23069.84961
2013-11-12,22901.41016
2013-11-13,22463.83008
2013-11-14,22649.15039
2013-11-15,23032.15039
2013-11-18,23660.06055
2013-11-19,23657.81055
2013-11-20,23700.85938
2013-11-21,23580.28906
2013-11-22,23696.2793
2013-11-25,23684.44922
2013-11-26,23681.2793
2013-11-27,23806.34961
2013-11-28,23789.08984
2013-11-29,23881.28906
2013-12-2,24038.55078
2013-12-3,23910.4707
2013-12-4,23728.69922
2013-12-5,23712.57031
2013-12-6,23743.09961
2013-12-9,23811.16992
2013-12-10,23744.18945
2013-12-11,23338.24023
2013-12-12,23218.11914
2013-12-13,23245.96094
2013-12-16,23114.66016
2013-12-17,23069.23047
2013-12-18,23143.82031
2013-12-19,22888.75
2013-12-20,22812.17969
2013-12-23,22921.56055
2013-12-24,23179.55078
2013-12-27,23243.24023
2013-12-30,23244.86914
2013-12-31,23306.39063
2014-1-2,23340.05078
2014-1-3,22817.2793
2014-1-6,22684.15039
2014-1-7,22712.7793
2014-1-8,22996.58984
2014-1-9,22787.33008
2014-1-10,22846.25
2014-1-13,22888.75977
2014-1-14,22791.2793
2014-1-15,22902
2014-1-16,22986.41016
2014-1-17,23133.34961
2014-1-20,22928.94922
2014-1-21,23033.11914
2014-1-22,23082.25
2014-1-23,22733.90039
2014-1-24,22450.06055
2014-1-27,21976.09961
2014-1-28,21960.64063
2014-1-29,22141.60938
2014-1-30,22035.41992
2014-2-4,21397.76953
2014-2-5,21269.38086
2014-2-6,21423.13086
2014-2-7,21636.84961
2014-2-10,21579.25977
2014-2-11,21962.98047
2014-2-12,22285.78906
2014-2-13,22165.5293
2014-2-14,22298.41016
2014-2-17,22535.93945
2014-2-18,22587.7207
2014-2-19,22664.51953
2014-2-20,22394.08008
2014-2-21,22568.24023
2014-2-24,22388.56055
2014-2-25,22317.19922
2014-2-26,22437.43945
2014-2-27,22828.17969
2014-2-28,22836.96094
2014-3-3,22500.66992
2014-3-4,22657.63086
2014-3-5,22579.7793
2014-3-6,22702.9707
2014-3-7,22660.49023
2014-3-10,22264.92969
2014-3-11,22269.60938
2014-3-12,21901.94922
2014-3-13,21756.08008
2014-3-14,21539.49023
2014-3-17,21473.94922
2014-3-18,21583.5
2014-3-19,21568.68945
2014-3-20,21182.16016
2014-3-21,21436.69922
2014-3-24,21846.44922
2014-3-25,21732.32031
2014-3-26,21887.75
2014-3-27,21834.44922
2014-3-28,22065.5293
2014-3-31,22151.06055
2014-4-1,22448.53906
2014-4-2,22523.93945
2014-4-3,22565.08008
2014-4-4,22510.08008
2014-4-7,22377.15039
2014-4-8,22596.9707
2014-4-9,22843.16992
2014-4-10,23186.96094
2014-4-11,23003.64063
2014-4-14,23038.80078
2014-4-15,22671.25977
2014-4-16,22696.00977
2014-4-17,22760.24023
2014-4-22,22730.67969
2014-4-23,22509.64063
2014-4-24,22562.80078
2014-4-25,22223.5293
2014-4-28,22132.5293
2014-4-29,22453.89063
2014-4-30,22133.9707
2014-5-2,22260.66992
2014-5-5,21976.33008
2014-5-7,21746.25977
2014-5-8,21837.11914
2014-5-9,21862.99023
2014-5-12,22261.60938
2014-5-13,22352.38086
2014-5-14,22582.76953
2014-5-15,22730.85938
2014-5-16,22712.91016
2014-5-19,22704.5
2014-5-20,22834.67969
2014-5-21,22836.51953
2014-5-22,22953.75977
2014-5-23,22965.85938
2014-5-26,22963.17969
2014-5-27,22944.30078
2014-5-28,23080.0293
2014-5-29,23010.14063
2014-5-30,23081.65039
2014-6-3,23291.03906
2014-6-4,23151.71094
2014-6-5,23109.66016
2014-6-6,22951
2014-6-9,23117.4707
2014-6-10,23315.74023
2014-6-11,23257.28906
2014-6-12,23175.01953
2014-6-13,23319.16992
2014-6-16,23300.66992
2014-6-17,23203.58984
2014-6-18,23181.7207
2014-6-19,23167.73047
2014-6-20,23194.06055
2014-6-23,22804.81055
2014-6-24,22880.64063
2014-6-25,22866.69922
2014-6-26,23197.83008
2014-6-27,23221.51953
2014-6-30,23190.7207
2014-7-2,23549.61914
2014-7-3,23531.43945
2014-7-4,23546.35938
2014-7-7,23540.91992
2014-7-8,23541.38086
2014-7-9,23176.07031
2014-7-10,23238.99023
2014-7-11,23233.44922
2014-7-14,23346.66992
2014-7-15,23459.96094
2014-7-16,23523.2793
2014-7-17,23520.86914
2014-7-18,23454.78906
2014-7-21,23387.14063
2014-7-22,23782.10938
2014-7-23,23971.86914
2014-7-24,24141.5
2014-7-25,24216.00977
2014-7-28,24428.63086
2014-7-29,24640.5293
2014-7-30,24732.21094
2014-7-31,24756.84961
2014-8-1,24532.42969
2014-8-4,24600.08008
2014-8-5,24648.25977
2014-8-6,24584.13086
2014-8-7,24387.56055
2014-8-8,24331.41016
2014-8-11,24646.01953
2014-8-12,24689.41016
2014-8-13,24890.33984
2014-8-14,24801.35938
2014-8-15,24954.93945
2014-8-18,24955.46094
2014-8-19,25122.94922
2014-8-20,25159.75977
2014-8-21,24994.09961
2014-8-22,25112.23047
2014-8-25,25166.91016
2014-8-26,25074.5
2014-8-27,24918.75
2014-8-28,24741
2014-8-29,24742.06055
2014-9-1,24752.08984
2014-9-2,24749.01953
2014-9-3,25317.94922
2014-9-4,25297.91992
2014-9-5,25240.15039
2014-9-8,25190.44922
2014-9-10,24705.35938
2014-9-11,24662.64063
2014-9-12,24595.32031
2014-9-15,24356.99023
2014-9-16,24136.00977
2014-9-17,24376.41016
2014-9-18,24168.7207
2014-9-19,24306.16016
2014-9-22,23955.49023
2014-9-23,23837.07031
2014-9-24,23921.60938
2014-9-25,23768.13086
2014-9-26,23678.41016
2014-9-29,23229.21094
2014-9-30,22932.98047
2014-10-3,23064.56055
2014-10-6,23315.03906
2014-10-7,23422.51953
2014-10-8,23263.33008
2014-10-9,23534.5293
2014-10-10,23088.53906
2014-10-13,23143.38086
2014-10-14,23047.9707
2014-10-15,23140.05078
2014-10-16,22900.93945
2014-10-17,23023.21094
2014-10-20,23070.25977
2014-10-21,23088.58008
2014-10-22,23403.9707
2014-10-23,23333.17969
2014-10-24,23302.19922
2014-10-27,23143.23047
2014-10-28,23520.35938
2014-10-29,23819.86914
2014-10-30,23702.03906
2014-10-31,23998.06055
2014-11-3,23915.9707
2014-11-4,23845.66016
2014-11-5,23695.61914
2014-11-6,23649.31055
2014-11-7,23550.24023
2014-11-10,23744.69922
2014-11-11,23808.2793
2014-11-12,23938.17969
2014-11-13,24019.93945
2014-11-14,24087.38086
2014-11-17,23797.08008
2014-11-18,23529.16992
2014-11-19,23373.31055
2014-11-20,23349.64063
2014-11-21,23437.11914
2014-11-24,23893.14063
2014-11-25,23843.91016
2014-11-26,24111.98047
2014-11-27,24004.2793
2014-11-28,23987.44922
2014-12-1,23367.44922
2014-12-2,23654.30078
2014-12-3,23428.61914
2014-12-4,23832.56055
2014-12-5,24002.64063
2014-12-8,24047.66992
2014-12-9,23485.83008
2014-12-10,23524.51953
2014-12-11,23312.53906
2014-12-12,23249.19922
2014-12-15,23027.84961
2014-12-16,22670.5
2014-12-17,22585.83984
2014-12-18,22832.21094
2014-12-19,23116.63086
2014-12-22,23408.57031
2014-12-23,23333.68945
2014-12-24,23349.33984
2014-12-29,23773.17969
2014-12-30,23501.09961
2014-12-31,23605.03906
2015-1-2,23721.30078
2015-1-5,23721.32031
2015-1-6,23485.41016
2015-1-7,23681.25977
2015-1-8,23835.5293
2015-1-9,23919.94922
2015-1-12,24026.46094
2015-1-13,24215.9707
2015-1-14,24112.59961
2015-1-15,24350.91016
2015-1-16,24103.51953
2015-1-19,23738.49023
2015-1-20,23951.16016
2015-1-21,24352.58008
2015-1-22,24522.63086
2015-1-23,24850.44922
2015-1-26,24909.90039
2015-1-27,24807.2793
2015-1-28,24861.81055
2015-1-29,24595.84961
2015-1-30,24507.05078
2015-2-2,24484.74023
2015-2-3,24554.7793
2015-2-4,24679.75977
2015-2-5,24765.49023
2015-2-6,24679.39063
2015-2-9,24521
2015-2-10,24528.09961
2015-2-11,24315.01953
2015-2-12,24422.15039
2015-2-13,24682.53906
2015-2-16,24726.5293
2015-2-17,24784.88086
2015-2-18,24832.08008
2015-2-23,24836.75977
2015-2-24,24750.07031
2015-2-25,24778.2793
2015-2-26,24902.06055
2015-2-27,24823.28906
2015-3-2,24887.43945
2015-3-3,24702.7793
2015-3-4,24465.38086
2015-3-5,24193.03906
2015-3-6,24164
2015-3-9,24123.05078
2015-3-10,23896.98047
2015-3-11,23717.9707
2015-3-12,23797.96094
2015-3-13,23823.21094
2015-3-16,23949.55078
2015-3-17,23901.49023
2015-3-18,24120.08008
2015-3-19,24468.89063
2015-3-20,24375.24023
2015-3-23,24494.50977
2015-3-24,24399.59961
2015-3-25,24528.23047
2015-3-26,24497.08008
2015-3-27,24486.19922
2015-3-30,24855.11914
2015-3-31,24900.89063
2015-4-1,25082.75
2015-4-2,25275.64063
2015-4-7,25275.64063
2015-4-8,26236.85938
2015-4-9,26944.39063
2015-4-10,27272.39063
2015-4-13,28016.33984
2015-4-14,27561.49023
2015-4-15,27618.82031
2015-4-16,27739.71094
2015-4-17,27653.11914
2015-4-20,27094.92969
2015-4-21,27850.49023
2015-4-22,27933.84961
2015-4-23,27827.69922
2015-4-24,28060.98047
2015-4-27,28433.58984
2015-4-28,28442.75
2015-4-29,28400.33984
2015-4-30,28133
2015-5-1,28133
2015-5-4,28123.82031
2015-5-5,27755.53906
2015-5-6,27640.91016
2015-5-7,27289.9707
2015-5-8,27577.33984
2015-5-11,27718.19922
2015-5-12,27407.17969
2015-5-13,27249.2793
2015-5-14,27286.55078
2015-5-15,27822.2793
2015-5-18,27591.25
2015-5-19,27693.53906
2015-5-20,27585.05078
2015-5-21,27523.7207
2015-5-22,27992.83008
2015-5-26,28249.85938
2015-5-27,28081.21094
2015-5-28,27454.31055
2015-5-29,27424.18945
2015-6-1,27597.16016
2015-6-2,27466.7207
2015-6-3,27657.4707
2015-6-4,27551.89063
2015-6-5,27260.16016
2015-6-8,27316.2793
2015-6-9,26989.51953
2015-6-10,26687.64063
2015-6-11,26907.84961
2015-6-12,27280.53906
2015-6-15,26861.81055
2015-6-16,26566.69922
2015-6-17,26753.78906
2015-6-18,26694.66016
2015-6-19,26760.5293
2015-6-22,27080.84961
2015-6-23,27333.46094
2015-6-24,27404.9707
2015-6-25,27145.75
2015-6-26,26663.86914
2015-6-29,25966.98047
2015-6-30,26250.0293
2015-7-2,26282.32031
2015-7-3,26064.10938
2015-7-6,25236.2793
2015-7-7,24975.31055
2015-7-8,23516.56055
2015-7-9,24392.78906
2015-7-10,24901.2793
2015-7-13,25224.00977
2015-7-14,25120.91016
2015-7-15,25055.75977
2015-7-16,25162.7793
2015-7-17,25415.26953
2015-7-20,25404.81055
2015-7-21,25536.42969
2015-7-22,25282.61914
2015-7-23,25398.84961
2015-7-24,25128.50977
2015-7-27,24351.96094
2015-7-28,24503.93945
2015-7-29,24619.44922
2015-7-30,24497.98047
2015-7-31,24636.2793
2015-8-3,24411.41992
2015-8-4,24406.11914
2015-8-5,24514.16016
2015-8-6,24375.2793
2015-8-7,24552.4707
2015-8-10,24521.11914
2015-8-11,24498.21094
2015-8-12,23916.01953
2015-8-13,24018.80078
2015-8-14,23991.0293
2015-8-17,23814.65039
2015-8-18,23474.9707
2015-8-19,23167.84961
2015-8-20,22757.4707
2015-8-21,22409.61914
2015-8-24,21251.57031
2015-8-25,21404.96094
2015-8-26,21080.39063
2015-8-27,21838.53906
2015-8-28,21612.39063
2015-8-31,21670.58008
2015-9-1,21185.42969
2015-9-2,20934.93945
2015-9-4,20840.60938
2015-9-7,20583.51953
2015-9-8,21259.03906
2015-9-9,22131.31055
2015-9-10,21562.5
2015-9-11,21504.36914
2015-9-14,21561.90039
2015-9-15,21455.23047
2015-9-16,21966.66016
2015-9-17,21854.63086
2015-9-18,21920.83008
2015-9-21,21756.92969
2015-9-22,21796.58008
2015-9-23,21302.91016
2015-9-24,21095.98047
2015-9-25,21186.32031
2015-9-29,20556.59961
2015-9-30,20846.30078
2015-10-2,21506.08984
2015-10-5,21854.5
2015-10-6,21831.61914
2015-10-7,22515.75977
2015-10-8,22354.91016
2015-10-9,22458.80078
2015-10-12,22730.92969
2015-10-13,22600.46094
2015-10-14,22439.91016
2015-10-15,22888.16992
2015-10-16,23067.36914
2015-10-19,23075.60938
2015-10-20,22989.2207
2015-10-22,22845.36914
2015-10-23,23151.93945
2015-10-26,23116.25
2015-10-27,23142.73047
2015-10-28,22956.57031
2015-10-29,22819.93945
2015-10-30,22640.03906
2015-11-2,22370.03906
2015-11-3,22568.42969
2015-11-4,23053.57031
2015-11-5,23051.03906
2015-11-6,22867.33008
2015-11-9,22726.76953
2015-11-10,22401.69922
2015-11-11,22352.16992
2015-11-12,22888.91992
2015-11-13,22396.14063
2015-11-16,22010.82031
2015-11-17,22264.25
2015-11-18,22188.25977
2015-11-19,22500.2207
2015-11-20,22754.7207
2015-11-23,22665.90039
2015-11-24,22587.63086
2015-11-25,22498
2015-11-26,22488.93945
2015-11-27,22068.32031
2015-11-30,21996.41992
2015-12-1,22381.34961
2015-12-2,22479.68945
2015-12-3,22417.00977
2015-12-4,22235.89063
2015-12-7,22203.2207
2015-12-8,21905.13086
2015-12-9,21803.75977
2015-12-10,21704.60938
2015-12-11,21464.05078
2015-12-14,21309.84961
2015-12-15,21274.36914
2015-12-16,21701.21094
2015-12-17,21872.06055
2015-12-18,21755.56055
2015-12-21,21791.67969
2015-12-22,21830.01953
2015-12-23,22040.58984
2015-12-24,22138.13086
2015-12-28,21919.61914
2015-12-29,21999.61914
2015-12-30,21882.15039
2015-12-31,21914.40039
2016-1-4,21327.11914
2016-1-5,21188.7207
2016-1-6,20980.81055
2016-1-7,20333.33984
2016-1-8,20453.71094
2016-1-11,19888.5
2016-1-12,19711.75977
2016-1-13,19934.88086
2016-1-14,19817.41016
2016-1-15,19520.76953
2016-1-18,19237.44922
2016-1-19,19635.81055
2016-1-20,18886.30078
2016-1-21,18542.15039
2016-1-22,19080.50977
2016-1-25,19340.14063
2016-1-26,18860.80078
2016-1-27,19052.44922
2016-1-28,19195.83008
2016-1-29,19683.10938
2016-2-1,19595.5
2016-2-2,19446.83984
2016-2-3,18991.58984
2016-2-4,19183.08984
2016-2-5,19288.16992
2016-2-11,18545.80078
2016-2-12,18319.58008
2016-2-15,18918.14063
2016-2-16,19122.08008
2016-2-17,18924.57031
2016-2-18,19363.08008
2016-2-19,19285.5
2016-2-22,19464.08984
2016-2-23,19414.7793
2016-2-24,19192.44922
2016-2-25,18888.75
2016-2-26,19364.15039
2016-2-29,19111.92969
2016-3-1,19407.46094
2016-3-2,20003.49023
2016-3-3,19941.75977
2016-3-4,20176.69922
2016-3-7,20159.7207
2016-3-8,20011.58008
2016-3-9,19996.25977
2016-3-10,19984.41992
2016-3-11,20199.59961
2016-3-14,20435.33984
2016-3-15,20288.76953
2016-3-16,20257.69922
2016-3-17,20503.81055
2016-3-18,20671.63086
2016-3-21,20684.15039
2016-3-22,20666.75
2016-3-23,20615.23047
2016-3-24,20345.60938
2016-3-29,20366.30078
2016-3-30,20803.39063
2016-3-31,20776.69922
2016-4-1,20498.91992
2016-4-4,20498.91992
2016-4-5,20177
2016-4-6,20206.66992
2016-4-7,20266.05078
2016-4-8,20370.40039
2016-4-11,20440.81055
2016-4-12,20504.43945
2016-4-13,21158.71094
2016-4-14,21337.81055
2016-4-15,21316.4707
2016-4-18,21161.5
2016-4-19,21436.21094
2016-4-20,21236.31055
2016-4-21,21622.25
2016-4-22,21467.03906
2016-4-25,21304.43945
2016-4-26,21407.26953
2016-4-27,21361.59961
2016-4-28,21388.0293
2016-4-29,21067.05078
2016-5-3,20676.93945
2016-5-4,20525.83008
2016-5-5,20449.82031
2016-5-6,20109.86914
2016-5-9,20156.81055
2016-5-10,20242.67969
2016-5-11,20055.28906
2016-5-12,19915.46094
2016-5-13,19719.28906
2016-5-16,19883.94922
2016-5-17,20118.80078
2016-5-18,19826.41016
2016-5-19,19694.33008
2016-5-20,19852.19922
2016-5-23,19809.0293
2016-5-24,19830.42969
2016-5-25,20368.05078
2016-5-26,20397.10938
2016-5-27,20576.76953
2016-5-30,20629.39063
2016-5-31,20815.08984
2016-6-1,20760.98047
2016-6-2,20859.2207
2016-6-3,20947.24023
2016-6-6,21030.2207
2016-6-7,21328.24023
2016-6-8,21297.88086
2016-6-10,21042.64063
2016-6-13,20512.99023
2016-6-14,20387.5293
2016-6-15,20467.51953
2016-6-16,20038.41992
2016-6-17,20169.98047
2016-6-20,20510.19922
2016-6-21,20668.43945
2016-6-22,20795.11914
2016-6-23,20868.33984
2016-6-24,20259.13086
2016-6-27,20227.30078
2016-6-28,20172.46094
2016-6-29,20436.11914
2016-6-30,20794.36914
2016-7-4,21059.19922
2016-7-5,20750.7207
2016-7-6,20495.28906
2016-7-7,20706.91992
2016-7-8,20564.16992
2016-7-11,20880.5
2016-7-12,21224.74023
2016-7-13,21322.36914
2016-7-14,21561.06055
2016-7-15,21659.25
2016-7-18,21803.17969
2016-7-19,21673.19922
2016-7-20,21882.48047
2016-7-21,22000.49023
2016-7-22,21964.26953
2016-7-25,21993.43945
2016-7-26,22129.73047
2016-7-27,22218.99023
2016-7-28,22174.33984
2016-7-29,21891.36914
2016-8-1,22129.14063
2016-8-3,21739.11914
2016-8-4,21832.23047
2016-8-5,22146.08984
2016-8-8,22494.75977
2016-8-9,22465.60938
2016-8-10,22492.42969
2016-8-11,22580.55078
2016-8-12,22766.91016
2016-8-15,22932.50977
2016-8-16,22910.83984
2016-8-17,22799.7793
2016-8-18,23023.16016
2016-8-19,22937.2207
2016-8-22,22997.91016
2016-8-23,22998.92969
2016-8-24,22820.7793
2016-8-25,22814.94922
2016-8-26,22909.53906
2016-8-29,22821.33984
2016-8-30,23016.10938
2016-8-31,22976.88086
2016-9-1,23162.33984
2016-9-2,23266.69922
2016-9-5,23649.55078
2016-9-6,23787.67969
2016-9-7,23741.81055
2016-9-8,23919.33984
2016-9-9,24099.69922
2016-9-12,23290.59961
2016-9-13,23215.75977
2016-9-14,23190.64063
2016-9-15,23335.58984
2016-9-19,23550.44922
2016-9-20,23530.85938
2016-9-21,23669.90039
2016-9-22,23759.80078
2016-9-23,23686.48047
2016-9-26,23317.91992
2016-9-27,23571.90039
2016-9-28,23619.65039
2016-9-29,23739.4707
2016-9-30,23297.15039
2016-10-3,23584.42969
2016-10-4,23689.43945
2016-10-5,23788.31055
2016-10-6,23952.5
2016-10-7,23851.82031
2016-10-11,23549.51953
2016-10-12,23407.05078
2016-10-13,23031.30078
2016-10-14,23233.31055
2016-10-17,23037.53906
2016-10-18,23394.39063
2016-10-19,23304.9707
2016-10-20,23374.40039
2016-10-24,23604.08008
2016-10-25,23565.10938
2016-10-26,23325.42969
2016-10-27,23132.34961
2016-10-28,22954.81055
2016-10-31,22934.53906
2016-11-1,23147.07031
2016-11-2,22810.5
2016-11-3,22683.50977
2016-11-4,22642.61914
2016-11-7,22801.40039
2016-11-8,22909.4707
2016-11-9,22415.18945
2016-11-10,22839.10938
2016-11-11,22531.08984
2016-11-14,22222.2207
2016-11-15,22323.91016
2016-11-16,22280.5293
2016-11-17,22262.88086
2016-11-18,22344.21094
2016-11-21,22357.7793
2016-11-22,22678.07031
2016-11-23,22676.68945
2016-11-24,22608.49023
2016-11-25,22723.44922
2016-11-28,22830.57031
2016-11-29,22737.07031
2016-11-30,22789.76953
2016-12-1,22878.23047
2016-12-2,22564.82031
2016-12-5,22505.55078
2016-12-6,22675.15039
2016-12-7,22800.91992
2016-12-8,22861.83984
2016-12-9,22760.98047
2016-12-12,22433.01953
2016-12-13,22446.69922
2016-12-14,22456.61914
2016-12-15,22059.40039
2016-12-16,22020.75
2016-12-19,21832.67969
2016-12-20,21729.06055
2016-12-21,21809.80078
2016-12-22,21636.19922
2016-12-23,21574.75977
2016-12-28,21754.74023
2016-12-29,21790.91016
2016-12-30,22000.56055
2017-1-3,22150.40039
2017-1-4,22134.4707
2017-1-5,22456.68945
2017-1-6,22503.00977
2017-1-9,22558.68945
2017-1-10,22744.84961
2017-1-11,22935.34961
2017-1-12,22829.01953
2017-1-13,22937.38086
2017-1-16,22718.15039
2017-1-17,22840.9707
2017-1-18,23098.25977
2017-1-19,23049.96094
2017-1-20,22885.91016
2017-1-23,22898.51953
2017-1-24,22949.85938
2017-1-25,23049.11914
2017-1-26,23374.16992
2017-1-27,23360.7793
2017-2-1,23318.39063
2017-2-2,23184.51953
2017-2-3,23129.21094
2017-2-6,23348.24023
2017-2-7,23331.57031
2017-2-8,23485.13086
2017-2-9,23525.14063
2017-2-10,23574.98047
2017-2-13,23710.98047
2017-2-14,23703.00977
2017-2-15,23994.86914
2017-2-16,24107.69922
2017-2-17,24033.74023
2017-2-20,24146.08008
2017-2-21,23963.63086
2017-2-22,24201.96094
2017-2-23,24114.85938
2017-2-24,23965.69922
2017-2-27,23925.05078
2017-2-28,23740.73047
2017-3-1,23776.49023
2017-3-2,23728.07031
2017-3-3,23552.7207
2017-3-6,23596.2793
2017-3-7,23681.07031
2017-3-8,23782.26953
2017-3-9,23501.56055
2017-3-10,23568.66992
2017-3-13,23829.66992
2017-3-14,23827.94922
2017-3-15,23792.84961
2017-3-16,24288.2793
2017-3-17,24309.92969
2017-3-20,24501.99023
2017-3-21,24593.11914
2017-3-22,24320.41016
2017-3-23,24327.69922
2017-3-24,24358.26953
2017-3-27,24193.69922
2017-3-28,24345.86914
2017-3-29,24392.05078
2017-3-30,24301.08984
2017-3-31,24111.58984
2017-4-3,24261.48047
2017-4-5,24400.80078
2017-4-6,24273.7207
2017-4-7,24267.30078
2017-4-10,24262.17969
2017-4-11,24088.46094
2017-4-12,24313.5
2017-4-13,24261.66016
2017-4-18,23924.53906
2017-4-19,23825.88086
2017-4-20,24056.98047
2017-4-21,24042.01953
2017-4-24,24139.48047
2017-4-25,24455.93945
2017-4-26,24578.42969
2017-4-27,24698.48047
2017-4-28,24615.13086
#VALUE!,24696.129
#VALUE!,24683.879
#VALUE!,24476.35
#VALUE!,24577.91
#VALUE!,24889.029
#VALUE!,25015.42
#VALUE!,25125.549
#VALUE!,25156.34
2017-5-15,25371.58984
2017-5-16,25335.93945
2017-5-17,25293.63086
2017-5-18,25136
2017-5-19,25174.87
2017-5-22,25391.33984
2017-5-23,25403.15039
2017-5-24,25428.5
2017-5-25,25630.7793
2017-5-26,25639.26953
2017-5-29,25701.63086
2017-5-31,25660.65039
2017-6-1,25809.2207
2017-6-2,25936.74023
2017-6-5,25862.99023
2017-6-6,25997.14063
2017-6-7,25974.16016
2017-6-8,26063.06055
2017-6-9,26030.28906
2017-6-12,25708.03906
2017-6-13,25852.09961
2017-6-14,25875.90039
2017-6-15,25565.33984
2017-6-16,25565.33984
2017-6-19,25924.55078
2017-6-20,25843.03906
2017-6-21,25694.58008
2017-6-22,25674.5293
2017-6-23,25670.05078
2017-6-26,25871.89063
2017-6-27,25839.99023
2017-6-29,25965.41992
2017-6-30,25764.58008
2017-7-3,25784.16992
#VALUE!,25389.01
#VALUE!,25521.969
#VALUE!,25465.219
#VALUE!,25340
2017-7-10,25500.06055
2017-7-11,25877.64063
2017-7-12,26043.64063
2017-7-13,26346.16992
2017-7-14,26389.23047
2017-7-17,26470.58008
2017-7-18,26524.93945
2017-7-19,26672.16016
2017-7-20,26740.21094
2017-7-21,26706.08984
2017-7-24,26846.83008
2017-7-25,26852.05078
2017-7-26,26941.01953
2017-7-27,27131.16992
2017-7-28,26979.39063
2017-7-31,27323.99023
2017-8-1,27540.23047
2017-8-2,27607.38086
2017-8-3,27531.00977
2017-8-4,27562.67969
2017-8-7,27690.35938
2017-8-8,27854.91016
2017-8-9,27757.08984
2017-8-10,27308.21094
2017-8-11,26883.50977
2017-8-14,27250.23047
2017-8-15,27174
2017-8-16,27354
2017-8-17,27344.2207
2017-8-18,27047.57031
2017-8-21,27154.67969
2017-8-22,27401.66992
2017-8-24,27529.23047
2017-8-25,27848.16016
2017-8-28,27863.28906
2017-8-29,27765.00977
2017-8-30,28051.57031
2017-8-31,27970.30078
2017-9-1,27953.16016
2017-9-4,27740.25977
2017-9-5,27806.68945
2017-9-5,27741.34961
2017-9-6,27449.71094
2017-9-7,27522.91992
2017-9-8,27668.4707
2017-9-11,27955.13086
2017-9-12,27972.24023
2017-9-13,27894.08008
2017-9-14,27894.08008
2017-9-15,27807.58984
2017-9-18,28159.76953
2017-9-19,28051.41016
2017-9-20,28114.46094
2017-9-22,27880.5293
2017-9-25,27567.32031
2017-9-26,27513.00977
2017-9-27,27642.42969
2017-9-28,27421.59961
2017-9-29,27554.30078
2017-10-3,28173.21094
2017-10-4,28379.17969
2017-10-6,28458.03906
2017-10-9,28409.24023
2017-10-10,28490.83008
2017-10-11,28389.57031
2017-10-12,28459.0293
2017-10-13,28476.42969
2017-10-16,28673.69922
2017-10-13,28476.42969
2017-10-16,28692.80078
2017-10-17,28697.49023
2017-10-18,28711.75977
2017-10-19,28159.08984
2017-10-20,28487.24023
2017-10-23,28305.88086
2017-10-24,28154.9707
2017-10-25,28302.89063
2017-10-26,28202.38086
2017-10-27,28438.84961
2017-10-30,28336.18945
2017-10-31,28245.53906
2017-11-1,28594.06055
#VALUE!,28518.64
#VALUE!,28603.61
2017-11-6,28596.80078
2017-11-7,28994.33984
2017-11-8,28907.59961
2017-11-9,29136.57031
2017-11-10,29120.91992
2017-11-13,29182.17969
2017-11-14,29152.11914
2017-11-15,28851.68945
2017-11-16,29005
2017-11-17,29199.03906
2017-11-20,29260.31055
2017-11-21,29818.07031
2017-11-22,30003.49023
2017-11-23,29707.93945
2017-11-24,29804.10938
2017-11-27,29686.18945
2017-11-28,29680.84961
2017-11-29,29623.83008
2017-11-30,29177.34961
2017-12-1,29074.24023
2017-12-4,29138.2793
2017-12-5,28842.80078
2017-12-6,28224.80078
2017-12-7,28303.18945
2017-12-8,28639.84961
2017-12-11,28965.28906
2017-12-12,28793.88086
2017-12-13,29222.09961
2017-12-14,29166.38086
2017-12-15,28848.10938
2017-12-18,29050.41016
2017-12-19,29253.66016
2017-12-20,29234.08984
2017-12-21,29367.06055
2017-12-22,29578.00977
2017-12-27,29597.66016
2017-12-28,29863.71094
2017-12-29,29919.15039
2018-1-2,30389.59961
2018-1-3,30560.94922
2018-1-4,30736.48047
2018-1-5,30814.64063
2018-1-8,30899.5293
2018-1-9,31011.41016
2018-1-10,31073.7207
2018-1-11,31120.39063
2018-1-12,31412.53906
2018-1-15,31338.86914
2018-1-16,31904.75
2018-1-17,31983.41016
2018-1-18,32121.93945
2018-1-19,32254.89063
2018-1-22,32393.41016
2018-1-23,32930.69922
2018-1-24,32958.69141
2018-1-25,32654.44922
2018-1-26,33154.12109
2018-1-29,33330.32031
2018-1-30,32607.28906
2018-1-31,32887.26953
2018-2-1,32642.08984
2018-2-2,32601.7793
2018-2-5,32245.2207
2018-2-6,30595.41992
2018-2-7,30323.19922
2018-2-8,30451.26953
2018-2-9,29507.41992
2018-2-12,29459.63086
2018-2-13,29839.5293
2018-2-15,31115.42969
2018-2-20,30873.63086
2018-2-21,31050.51953
2018-2-22,30965.67969
2018-2-23,31267.16992
2018-2-26,31485.30078
2018-2-27,31268.66016
2018-2-28,30844.7207
2018-3-1,31044.25
2018-3-2,30583.44922
2018-3-5,29886.39063
2018-3-6,30510.73047
2018-3-7,30196.91992
2018-3-8,30654.51953
2018-3-9,30996.21094
2018-3-12,31594.33008
2018-3-13,31601.44922
2018-3-14,31435.00977
2018-3-15,31541.09961
2018-3-16,31501.9707
2018-3-19,31542.65039
2018-3-20,31549.92969
2018-3-21,31414.51953
2018-3-22,31071.05078
2018-3-23,30309.28906
2018-3-26,30548.76953
2018-3-27,30790.83008
2018-3-28,30022.5293
2018-3-29,30093.38086
2018-4-3,30180.09961
2018-4-4,29518.68945
2018-4-6,29844.93945
2018-4-9,30229.58008
2018-4-10,30728.74023
2018-4-11,30897.71094
2018-4-12,30831.2793
2018-4-13,30808.38086
2018-4-16,30315.58984
2018-4-17,30062.75
2018-4-18,30284.25
2018-4-19,30708.43945
2018-4-20,30418.33008
2018-4-23,30254.40039
2018-4-24,30636.24023
2018-4-25,30328.15039
2018-4-26,30007.67969
2018-4-27,30280.66992
2018-4-30,30731.89063
2018-5-2,30723.88086
2018-5-3,30313.36914
2018-5-4,29926.5
2018-5-7,29994.25977
2018-5-8,30402.81055
2018-5-9,30536.14063
2018-5-10,30809.2207
2018-5-11,31122.06055
2018-5-14,31541.08008
2018-5-15,31152.0293
2018-5-16,31110.19922
2018-5-17,30942.15039
2018-5-18,31047.91016
2018-5-21,31234.34961
2018-5-23,30665.64063
2018-5-24,30760.41016
2018-5-25,30588.03906
2018-5-28,30792.25977
2018-5-29,30484.58008
2018-5-30,30056.78906
2018-5-31,30282.91016
2018-6-1,30492.91016
2018-6-4,30997.98047
2018-6-5,31093.44922
2018-6-6,31255.48047
2018-6-7,31512.63086
2018-6-8,30958.21094
2018-6-11,31063.69922
2018-6-12,31103.06055
2018-6-13,30725.15039
2018-6-14,30440.16992
2018-6-15,30309.49023
2018-6-19,29468.15039
2018-6-20,29696.16992
2018-6-21,29296.05078
2018-6-22,29338.69922
2018-6-25,28961.39063
2018-6-26,28881.40039
2018-6-27,28356.25977
2018-6-28,28497.32031
2018-6-29,28821.90039
2018-7-3,28545.57031
2018-7-4,28241.66992
2018-7-5,28182.08984
2018-7-6,28315.61914
2018-7-9,28688.5
2018-7-10,28682.25
2018-7-11,28311.68945
2018-7-12,28480.83008
2018-7-13,28525.43945
2018-7-16,28580.96094
2018-7-17,28181.67969
2018-7-18,28117.41992
2018-7-19,28010.85938
2018-7-20,28224.48047
2018-7-23,28256.11914
2018-7-24,28662.57031
2018-7-25,28920.90039
2018-7-26,28781.14063
2018-7-27,28804.2793
2018-7-30,28733.13086
2018-7-31,28583.00977
2018-8-1,28340.74023
2018-8-2,27714.56055
2018-8-3,27676.32031
2018-8-6,28044.91016
2018-8-7,28248.88086
2018-8-8,28359.14063
2018-8-9,28607.30078
2018-8-10,28366.61914
2018-8-13,27936.57031
2018-8-14,27752.92969
2018-8-15,27323.58984
2018-8-16,27100.06055
2018-8-17,27213.41016
2018-8-20,27598.01953
2018-8-21,27752.78906
2018-8-22,27927.58008
2018-8-23,27790.46094
2018-8-24,27671.86914
2018-8-27,28271.26953
2018-8-28,28351.61914
2018-8-29,28416.43945
2018-8-30,28164.05078
2018-8-31,27888.55078
2018-9-3,27712.53906
2018-9-4,27973.33984
2018-9-5,27243.84961
2018-9-6,26974.82031
2018-9-7,26973.4707
